日時,総アクセス数(PV),アクセス数(UU),転載数, PC(PV基準), スマートフォン(PV基準), タブレット(PV基準)
2025年02月20日,0,0,0,-,-,-
2025年02月21日,370,368,20,92.37%,6.54%,1.09%
2025年02月22日,89,89,10,92.66%,7.34%,0%
2025年02月23日,53,53,0,92.86%,7.14%,0%
2025年02月24日,32,32,0,91.43%,8.57%,0%
2025年02月25日,41,41,0,86.05%,13.95%,0%
2025年02月26日,23,23,0,89.29%,10.71%,0%
2025年02月27日,26,26,0,100%,0%,0%
2025年02月28日,16,16,0,88.24%,11.76%,0%
2025年03月01日,10,10,0,81.82%,18.18%,0%
2025年03月02日,13,13,0,78.57%,14.29%,7.14%
2025年03月03日,6,6,0,100%,0%,0%
2025年03月04日,3,3,0,60%,40%,0%
2025年03月05日,1,1,0,100%,0%,0%
2025年03月06日,2,2,0,100%,0%,0%
2025年03月07日,9,9,0,66.67%,33.33%,0%
2025年03月08日,2,2,0,100%,0%,0%
2025年03月09日,17,17,0,44.44%,55.56%,0%
2025年03月10日,5,5,0,80%,20%,0%
2025年03月11日,9,9,0,60%,40%,0%
2025年03月12日,4,4,0,50%,50%,0%
2025年03月13日,3,3,0,100%,0%,0%
2025年03月14日,7,7,0,62.5%,37.5%,0%
2025年03月15日,8,8,0,37.5%,62.5%,0%
2025年03月16日,7,7,0,71.43%,28.57%,0%
2025年03月17日,5,5,0,71.43%,28.57%,0%
2025年03月18日,13,13,0,50%,50%,0%
2025年03月19日,3,3,0,100%,0%,0%
2025年03月20日,6,6,0,87.5%,12.5%,0%
2025年03月21日,13,13,0,80%,20%,0%
2025年03月22日,6,6,0,57.14%,42.86%,0%
2025年03月23日,5,5,0,66.67%,33.33%,0%
2025年03月24日,6,6,0,85.71%,14.29%,0%
2025年03月25日,4,4,0,75%,25%,0%
2025年03月26日,2,2,0,66.67%,33.33%,0%
2025年03月27日,2,2,0,100%,0%,0%
2025年03月28日,4,4,0,100%,0%,0%
2025年03月29日,5,5,0,80%,20%,0%
2025年03月30日,6,6,0,50%,50%,0%
2025年03月31日,15,15,0,62.5%,37.5%,0%
2025年04月01日,6,6,0,28.57%,71.43%,0%
2025年04月02日,5,5,0,60%,40%,0%
2025年04月03日,1,1,0,100%,0%,0%
2025年04月04日,5,5,0,40%,60%,0%
2025年04月05日,1,1,0,100%,0%,0%
2025年04月06日,4,4,0,33.33%,66.67%,0%
2025年04月07日,16,16,0,82.35%,17.65%,0%
2025年04月08日,10,10,0,45.45%,54.55%,0%
2025年04月09日,5,5,0,50%,50%,0%
2025年04月10日,66,66,0,25%,72.06%,2.94%
2025年04月11日,54,54,0,20.37%,79.63%,0%
2025年04月12日,44,44,0,25%,75%,0%
2025年04月13日,46,46,0,31.25%,66.67%,2.08%
2025年04月14日,31,31,0,19.35%,80.65%,0%
2025年04月15日,19,19,0,36.84%,63.16%,0%
2025年04月16日,14,14,0,35.71%,57.14%,7.14%
2025年04月17日,12,12,0,16.67%,83.33%,0%
2025年04月18日,13,13,0,46.15%,53.85%,0%
2025年04月19日,16,16,0,44.44%,55.56%,0%
2025年04月20日,9,9,0,44.44%,55.56%,0%
2025年04月21日,13,13,0,21.43%,78.57%,0%
2025年04月22日,18,18,0,50%,50%,0%
2025年04月23日,18,18,0,50%,50%,0%
2025年04月24日,4,4,0,75%,25%,0%
2025年04月25日,20,20,0,70%,30%,0%
2025年04月26日,14,14,0,33.33%,66.67%,0%
2025年04月27日,21,21,0,66.67%,33.33%,0%
2025年04月28日,29,29,0,40%,60%,0%
2025年04月29日,22,22,0,43.48%,56.52%,0%
2025年04月30日,14,14,0,78.57%,21.43%,0%
2025年05月01日,14,14,0,78.57%,21.43%,0%
2025年05月02日,10,10,0,40%,60%,0%
2025年05月03日,21,21,0,31.82%,68.18%,0%
2025年05月04日,15,15,0,60%,40%,0%
2025年05月05日,22,22,0,56.52%,43.48%,0%
2025年05月06日,25,25,0,46.15%,50%,3.85%
2025年05月07日,13,13,0,53.33%,46.67%,0%
2025年05月08日,6,6,0,71.43%,28.57%,0%
2025年05月09日,13,13,0,53.85%,46.15%,0%
2025年05月10日,26,26,0,44.44%,55.56%,0%
2025年05月11日,12,12,0,58.33%,41.67%,0%
2025年05月12日,5,5,0,40%,40%,20%
2025年05月13日,8,8,0,62.5%,37.5%,0%
2025年05月14日,17,17,0,41.18%,52.94%,5.88%
2025年05月15日,9,9,0,40%,60%,0%
2025年05月16日,11,11,0,54.55%,45.45%,0%
2025年05月17日,7,7,0,57.14%,42.86%,0%
2025年05月18日,13,13,0,71.43%,28.57%,0%
2025年05月19日,5,5,0,80%,20%,0%
2025年05月20日,11,11,0,9.09%,90.91%,0%
2025年05月21日,9,9,0,80%,20%,0%
2025年05月22日,10,10,0,50%,50%,0%
2025年05月23日,5,5,0,80%,20%,0%
2025年05月24日,21,21,0,61.9%,38.1%,0%
2025年05月25日,18,18,0,42.11%,52.63%,5.26%
2025年05月26日,21,21,0,66.67%,33.33%,0%
2025年05月27日,12,12,0,61.54%,38.46%,0%
2025年05月28日,60,60,0,25%,73.33%,1.67%
2025年05月29日,78,78,0,21.52%,75.95%,2.53%
2025年05月30日,62,62,0,19.35%,79.03%,1.61%
2025年05月31日,67,67,0,26.87%,71.64%,1.49%
2025年06月01日,58,58,0,33.9%,62.71%,3.39%
2025年06月02日,22,22,0,22.73%,77.27%,0%
2025年06月03日,30,30,0,50%,50%,0%
2025年06月04日,39,39,0,25.64%,71.79%,2.56%
2025年06月05日,45,45,0,36.96%,58.7%,4.35%
2025年06月06日,30,30,0,41.94%,58.06%,0%
2025年06月07日,33,33,0,26.47%,73.53%,0%
2025年06月08日,43,43,0,30.23%,67.44%,2.33%
2025年06月09日,24,24,0,20.83%,79.17%,0%
2025年06月10日,18,18,0,31.58%,68.42%,0%
2025年06月11日,22,22,0,36.36%,63.64%,0%
2025年06月12日,24,24,0,50%,50%,0%
2025年06月13日,11,11,0,36.36%,63.64%,0%
2025年06月14日,28,28,0,57.14%,39.29%,3.57%
2025年06月15日,16,16,0,31.25%,68.75%,0%
2025年06月16日,11,11,0,33.33%,66.67%,0%
2025年06月17日,10,10,0,70%,30%,0%
2025年06月18日,9,9,0,66.67%,33.33%,0%
2025年06月19日,18,18,0,50%,44.44%,5.56%
2025年06月20日,11,11,0,45.45%,54.55%,0%
2025年06月21日,23,23,0,13.04%,86.96%,0%
2025年06月22日,12,12,0,66.67%,33.33%,0%
2025年06月23日,10,10,0,40%,60%,0%
2025年06月24日,5,5,0,20%,80%,0%
2025年06月25日,16,16,0,43.75%,50%,6.25%
2025年06月26日,15,15,0,26.67%,73.33%,0%
2025年06月27日,18,18,0,44.44%,55.56%,0%
2025年06月28日,11,11,0,27.27%,72.73%,0%
2025年06月29日,32,32,0,53.13%,43.75%,3.13%
2025年06月30日,12,12,0,42.86%,50%,7.14%
2025年07月01日,20,20,0,40%,60%,0%
2025年07月02日,10,10,0,70%,30%,0%
2025年07月03日,16,16,0,47.06%,52.94%,0%
2025年07月04日,18,18,0,27.78%,72.22%,0%
2025年07月05日,19,19,0,26.32%,73.68%,0%
2025年07月06日,23,23,0,37.5%,58.33%,4.17%
2025年07月07日,14,14,0,26.67%,73.33%,0%
2025年07月08日,19,19,0,21.05%,78.95%,0%
2025年07月09日,7,7,0,37.5%,62.5%,0%
2025年07月10日,18,18,0,22.22%,77.78%,0%
2025年07月11日,19,19,0,15.79%,84.21%,0%
2025年07月12日,44,44,0,20.45%,79.55%,0%
2025年07月13日,42,42,0,25%,75%,0%
2025年07月14日,15,15,0,13.33%,86.67%,0%
2025年07月15日,24,24,0,12.5%,87.5%,0%
2025年07月16日,23,23,0,30.43%,65.22%,4.35%
2025年07月17日,13,13,0,38.46%,61.54%,0%
2025年07月18日,13,13,0,15.38%,84.62%,0%
2025年07月19日,20,20,0,23.81%,76.19%,0%
2025年07月20日,17,17,0,47.06%,52.94%,0%
2025年07月21日,32,32,0,21.21%,78.79%,0%
2025年07月22日,26,26,0,17.86%,78.57%,3.57%
2025年07月23日,10,10,0,18.18%,81.82%,0%
2025年07月24日,11,11,0,27.27%,72.73%,0%
2025年07月25日,15,15,0,53.33%,40%,6.67%
2025年07月26日,10,10,0,36.36%,63.64%,0%
2025年07月27日,11,11,0,27.27%,63.64%,9.09%
2025年07月28日,6,6,0,33.33%,66.67%,0%
2025年07月29日,13,13,0,23.08%,76.92%,0%
2025年07月30日,4,4,0,25%,75%,0%
2025年07月31日,5,5,0,20%,80%,0%
2025年08月01日,6,6,0,16.67%,83.33%,0%
2025年08月02日,5,5,0,20%,80%,0%
2025年08月03日,13,13,0,30.77%,69.23%,0%
2025年08月04日,6,6,0,0%,100%,0%
2025年08月05日,19,19,0,26.32%,68.42%,5.26%
2025年08月06日,8,8,0,12.5%,87.5%,0%
2025年08月07日,17,17,0,17.65%,76.47%,5.88%
2025年08月08日,14,14,0,35.71%,64.29%,0%
2025年08月09日,11,11,0,9.09%,90.91%,0%
2025年08月10日,11,11,0,18.18%,81.82%,0%
2025年08月11日,8,8,0,12.5%,87.5%,0%
2025年08月12日,25,24,0,22.22%,77.78%,0%
2025年08月13日,12,12,0,16.67%,83.33%,0%
2025年08月14日,8,8,0,25%,75%,0%
2025年08月15日,3,3,0,33.33%,66.67%,0%
2025年08月16日,7,7,0,42.86%,57.14%,0%
2025年08月17日,6,6,0,100%,0%,0%
2025年08月18日,4,4,0,25%,75%,0%
2025年08月19日,5,5,0,20%,80%,0%
2025年08月20日,5,5,0,20%,80%,0%
2025年08月21日,8,8,0,50%,37.5%,12.5%
2025年08月22日,6,6,0,16.67%,83.33%,0%
2025年08月23日,8,8,0,62.5%,37.5%,0%
2025年08月24日,6,6,0,71.43%,28.57%,0%
2025年08月25日,8,8,0,62.5%,37.5%,0%
2025年08月26日,3,3,0,100%,0%,0%
2025年08月27日,10,10,0,45.45%,54.55%,0%
2025年08月28日,2,2,0,50%,0%,50%
2025年08月29日,4,4,0,40%,60%,0%
2025年08月30日,4,4,0,75%,25%,0%
2025年08月31日,7,7,0,87.5%,12.5%,0%
2025年09月01日,10,10,0,72.73%,27.27%,0%
2025年09月02日,6,6,0,100%,0%,0%
2025年09月03日,5,5,0,100%,0%,0%
2025年09月04日,13,13,0,69.23%,30.77%,0%
2025年09月05日,8,8,0,55.56%,44.44%,0%
2025年09月06日,7,7,0,42.86%,57.14%,0%
2025年09月07日,14,14,0,71.43%,28.57%,0%
2025年09月08日,6,6,0,71.43%,28.57%,0%
2025年09月09日,12,12,0,66.67%,33.33%,0%
2025年09月10日,3,3,0,33.33%,66.67%,0%
2025年09月11日,5,5,0,66.67%,33.33%,0%
2025年09月12日,4,4,0,25%,75%,0%
2025年09月13日,16,16,0,52.94%,35.29%,11.76%
2025年09月14日,5,5,0,60%,40%,0%
2025年09月15日,7,7,0,57.14%,42.86%,0%
2025年09月16日,5,5,0,16.67%,83.33%,0%
2025年09月17日,6,6,0,16.67%,83.33%,0%
2025年09月18日,11,11,0,36.36%,63.64%,0%
2025年09月19日,6,6,0,33.33%,66.67%,0%
2025年09月20日,13,13,0,28.57%,64.29%,7.14%
2025年09月21日,13,13,0,78.57%,21.43%,0%
2025年09月22日,11,11,0,9.09%,54.55%,36.36%
2025年09月23日,11,11,0,27.27%,27.27%,45.45%
2025年09月24日,6,6,0,33.33%,66.67%,0%
合計,3682,3679,30,49.91%,48.78%,1.31%